var,val,success_rate
func,sqrt,0.05555555555555555
func,+,0.3888888888888889
example_len,100,0.5
input,2,0.6
input,9,0.6
input,10,0.6
example_len,3,0.6
example_len,8,0.6
number_type,integral,0.6333333333333333
input,1,0.6333333333333333
example_len,1,0.6333333333333333
input,5,0.6666666666666666
example_len,5,0.6666666666666666
input,100,0.7
example_len,0,0.8
func,-,0.8611111111111112
func,*,0.8611111111111112
func,**2,1.0
