var,val,success_rate
step,0,0.3333333333333333
step,1,0.5
op,incr,0.6388888888888888
example_input,"[5, 3, 5, 2, 3, 3, 9, 0, 123]",0.7222222222222222
step,3829893478785784890248,0.75
example_input,"[1, 2, 3]",0.8055555555555556
op,decr,0.8888888888888888
step,2,1.0
step,100,1.0
step,9999,1.0
