var,val,success_rate
cond,at most,0.25
cond,not,0.3888888888888889
length,20,0.5
length,6,0.5555555555555556
length,3,0.5833333333333334
length,1,0.8333333333333334
cond,at least,0.8333333333333334
cond,exactly,1.0
