var,val,success_rate
example_input,prefix,0.08333333333333333
example_input,reverse the result!!!,0.08333333333333333
order,shortest_first,0.1388888888888889
op,suffixes,0.1388888888888889
example_input,abc,0.16666666666666666
example_input,xyz,0.16666666666666666
example_input,suffix,0.16666666666666666
op,prefixes,0.2222222222222222
order,longest_first,0.2222222222222222
example_input,12345678,0.4166666666666667
