var,val,success_rate
count,1,0.14285714285714285
count,11,0.25
count,5,0.32142857142857145
word_count,True,0.35
count,15,0.42857142857142855
count,29,0.4642857142857143
count,0,0.5
count,4,0.5
word_count,False,0.6142857142857143
count,2,0.6785714285714286
count,3,0.7142857142857143
count,6,0.8214285714285714
