var,val,success_rate
example_input,"[434839248, 43, 43948294823948932489324839483924, 138193819389123891238193193893893821938921, -54378957489578927489327489]",0.0
op,max,0.08333333333333333
op,min,0.25
example_input,"[1, 2, 3, 2, 3, 4, 2]",0.3333333333333333
input,[[]],0.3333333333333333
input,"[[1, 2, 3, 4]]",0.3333333333333333
input,"[[4, 3, 2, 1]]",0.3333333333333333
input,"[[3, 2, 3, 100, 3]]",0.3333333333333333
example_input,"[1, 2, 2, 2]",0.6666666666666666
op,sum,0.6666666666666666
