var,val,success_rate
sep,a question mark,0.19642857142857142
case,uppercase,0.23469387755102042
pos_ret,False,0.24489795918367346
neg_ret,True,0.24489795918367346
sep,a minus,0.25
sep,a dash,0.25
sep,a plus,0.26785714285714285
sep,an underscore,0.375
sep,two underscores,0.375
pos_ret,True,0.37755102040816324
neg_ret,False,0.37755102040816324
case,lowercase,0.3877551020408163
sep,six underscores,0.4642857142857143
