var,val,success_rate
func,sqrt,0.027777777777777776
example_len,100,0.23333333333333334
func,+,0.3333333333333333
func,-,0.3611111111111111
example_len,1,0.4
example_len,3,0.4
example_len,8,0.4
number_type,integral,0.4166666666666667
example_len,0,0.43333333333333335
example_len,5,0.6333333333333333
func,**2,0.6666666666666666
func,*,0.6944444444444444
