var,val,success_rate
delim,tab,0.005
delim,vertical line,0.006666666666666667
delim,number sign,0.008333333333333333
inclusive,True,0.025714285714285714
example_input,1,0.15214285714285714
delim,hash,0.17333333333333334
example_input,100,0.18214285714285713
example_input,500,0.28714285714285714
delim,semicolon,0.3383333333333333
inclusive,False,0.38857142857142857
delim,comma,0.41833333333333333
delim,space,0.5
