var,val,success_rate
count,2,0.07142857142857142
count,1,0.17857142857142858
count,11,0.42857142857142855
count,0,0.5
count,15,0.5
word_count,True,0.5071428571428571
word_count,False,0.7285714285714285
count,3,0.8214285714285714
count,6,0.8214285714285714
count,5,0.9285714285714286
count,29,0.9285714285714286
count,4,1.0
