var,val,success_rate
input,[[]],0.5555555555555556
op,min,0.8333333333333334
example_input,"[1, 2, 3, 2, 3, 4, 2]",0.8333333333333334
op,max,0.8333333333333334
example_input,"[1, 2, 2, 2]",0.9166666666666666
example_input,"[434839248, 43, 43948294823948932489324839483924, 138193819389123891238193193893893821938921, -54378957489578927489327489]",0.9166666666666666
input,"[[1, 2, 3, 4]]",1.0
input,"[[4, 3, 2, 1]]",1.0
input,"[[3, 2, 3, 100, 3]]",1.0
op,sum,1.0
