var,val,success_rate
example_len,100,0.0
func,-,0.0
func,+,0.027777777777777776
func,sqrt,0.027777777777777776
number_type,integral,0.06666666666666667
example_len,0,0.06666666666666667
example_len,3,0.06666666666666667
example_len,5,0.06666666666666667
example_len,8,0.06666666666666667
example_len,1,0.13333333333333333
func,*,0.1388888888888889
func,**2,0.1388888888888889
