var,val,success_rate
op,incr,0.0
step,0,0.0
example_input,"[1, 2, 3]",0.0
input,"[[3, 2, 1]]",0.0
input,"[[5, 2, 5, 2, 3, 3, 9, 0, 123]]",0.0
step,1,0.0
step,2,0.0
step,3829893478785784890248,0.0
example_input,"[5, 3, 5, 2, 3, 3, 9, 0, 123]",0.05555555555555555
op,decr,0.05555555555555555
input,[[]],0.08333333333333333
step,100,0.08333333333333333
step,9999,0.08333333333333333
