var,val,success_rate
op,min,0.0
example_input,"[434839248, 43, 43948294823948932489324839483924, 138193819389123891238193193893893821938921, -54378957489578927489327489]",0.0
example_input,"[1, 2, 3, 2, 3, 4, 2]",0.16666666666666666
example_input,"[1, 2, 2, 2]",0.16666666666666666
op,max,0.16666666666666666
op,sum,0.16666666666666666
