var,val,success_rate
cond,not,0.027777777777777776
length,3,0.1111111111111111
cond,at least,0.1388888888888889
cond,at most,0.19444444444444445
length,6,0.19444444444444445
length,1,0.2222222222222222
length,20,0.3333333333333333
cond,exactly,0.5
