var,val,success_rate
digit,7,0.0
factor2,11,0.0
example_input,78,0.0
factor3,3819,0.0
factor2,13,0.0
factor3,11,0.0
factor2,7,0.0
digit,4,0.0
digit,3,0.0
example_input,50,0.003472222222222222
example_input,3298,0.003472222222222222
factor3,13,0.006944444444444444
digit,1,0.009259259259259259
factor2,1837,0.010416666666666666
