var,val,success_rate
count,1,0.0
count,3,0.0
count,4,0.0
count,5,0.0
count,2,0.07142857142857142
count,6,0.07142857142857142
count,11,0.07142857142857142
count,15,0.07142857142857142
count,29,0.07142857142857142
word_count,True,0.09285714285714286
word_count,False,0.09285714285714286
count,0,0.5714285714285714
