var,val,success_rate
count,3,0.0
count,4,0.0
count,1,0.03571428571428571
count,2,0.03571428571428571
count,11,0.03571428571428571
count,5,0.07142857142857142
count,6,0.07142857142857142
count,15,0.07142857142857142
count,29,0.07142857142857142
word_count,False,0.08571428571428572
word_count,True,0.10714285714285714
count,0,0.5714285714285714
