var,val,success_rate
input,"[[5, 2, 5, 2, 3, 3, 9, 0, 123]]",0.041666666666666664
input,"[[3, 2, 1]]",0.125
step,2,0.3333333333333333
step,100,0.3333333333333333
step,9999,0.3333333333333333
step,3829893478785784890248,0.3333333333333333
example_input,"[5, 3, 5, 2, 3, 3, 9, 0, 123]",0.3611111111111111
op,incr,0.3888888888888889
op,decr,0.3888888888888889
example_input,"[1, 2, 3]",0.4166666666666667
step,0,0.5
step,1,0.5
input,[[]],1.0
